	parent_id	child_id	subreddit	parent_text	child_text
0	czj2mb9	czj7ly3	Bad_Cop_No_Donut	Why did he even decide that the gun was required? At no point did anything threatening or violent appear to be happening. The man pulled over to the side of the road and had his hands on the handlebars. There was no need for a weapon to be drawn.	Because police officers are cowards. 
1		dgz1akk	AskWomen		Haha feels hard man. I usually repress it until it comes bubbling up to the surface in tears of frustration and rage. I know it's unhealthy but I'm not good with emotions. 
2	dgyvzzi	dgyxqum	AskThe_Donald	If we welcome those people and they follow through on those beliefs then they will be tried and sent to prison or deported, whatever the case may be. Natural born citizens also have some crazy ideas on occasion but just because someone wants to kill a black man for marrying a white woman, doesn't mean the law is going to change to allow that. But I don't know just believe what you want and keep voting in line with it. I'm tired.	"This is a Democracy, it only takes %3 to sway an election, we are at %1 now.

But it is far more than that.  Look what happened in Turkey.  Islamists used to be %10 of the population 70 years ago (about the same as France today), now Ergodan, who was voted in Democratically, is firing and imprisoning secular judges and military officials and changing the constitution to make Turkey an Islamic nation.

The Muslim brotherhood itself has a very clear agenda to implement the same thing in the west, and many Imams talk openly about it,including ""outbreeding the infidels"".  

The same thing that happened in Turkey will happen in Europe, and then the gays will be executed legally, as is currently done in the Middle East.."
3	czill2k	czjf80a	YouShouldKnow	"They don't just tell the IRS ""so and so chose to pay with their refund, send us x amount and send them x amount?"" 

I'm saying this because my checks are government checks, they aren't cut by Turbotax (what I use). "	Just pay the $29.99 with your card while filing. Easy way to save $35 and worth the convenience and guaranteed maximum return.
4		czjcdn3	LifeProTips		"Thank you for your submission!  Unfortunately, your submission has been automatically removed. Please see re-read [our rules on the sidebar](https://www.reddit.com/r/LifeProTips/about/sidebar) and make sure you are not in violation of any of them.

*I am a bot, and this action was performed automatically. Please [contact the moderators of this subreddit](/message/compose/?to=/r/LifeProTips) if you have any questions or concerns.*"
5	czjb7a4	czjbvm1	Games	Again, all that trouble for a DRM-free exe. Just pirate it.	Piracy doesn't give you free money. This method does.
6		dkzo1zx	SubredditDrama		So funny story. I decided to get McDonalds today because of that picture and it was so fucking awful. I'll never get McDonalds again.
7	czj76ay	czj7gl1	SubredditDrama	[verwijderd]	Cut it out.
8	dgz223h	dgz2d4o	FidgetSpinners	[verwijderd]	"He buys spinners, you sell spinners.  no one cares that you are making money for school, you could be using it for hookers and blow and we wouldnt care as long as you offered a good product with good service. 

Treat everyone like a potential customer, specially in a the sub about spinners and you may do a bit better. "
9		dgz0msp	cosplayprops		Let everything cure, then give it a sanding on a high grit. Go out and buy an actual primer (I like Bullseye 123), give it a few coats/sands with that for maximum smoothness
10	dgyt79y	dgyt9j0	AskReddit	At least it's not the glass siting at a table on the other side of the world...	Yeah. That is more difficult. I know the first one can be done. Not so sure about the second.
11		dgywtwp	RocketLeagueExchange		3075
12	dkzb89b	dkzohbc	Darts	"I saw that thread the other day and thought the same thing. But I decided to stay out of it as I couldn't think of a way to say anything without sounding like a negative asshole. haha

I agree with everything you said. Imo the ADO events cater towards the recreational dart player and it just so happens some of them are REALLY good at playing darts for American players. 

There might be a few examples that count as ""professional"" but it's fairly rare. I won't name any names but there was a VERY well known US player that won 3 Dartslive events several years ago to the tune of 12 grand each. Plus he had a contract with a Japanese company that was quite lucrative. But that's just a one off example. "	"I started the thread as it was my first tournament setting of any kind. I don't disagree with you at all. We had the same discussion while we were there. It was cool to see the US World Cup Duo (Butler and Young) play since I just watched them a few months ago. Those are the only two I considered pros (semi professional really). I had a lot of fun but you could tell there were a lot of ""shirts"" that weren't that great. I did get destroyed in the singles cricket by a shirt though. 
"
13		dkzqj02	BeautyGuruChatter		This is one of the best reviews I've seen so far. She was so thorough. I was so excited for this palette since it's a departure from all the warm tones. It doesn't seem to be worth the headache for me.
14		dgz2ewn	EthAnalysis		"As of Midnight EST $84.90 is our ATH on ETH/USD on GDAX.

Meenwhile our new high is 0.0605 ETH/BTC on Polo. 

This is after running $69.xx-$72.xx through late Friday night. We legged up start Sunday around Noon-2pm EST and rally continued all day with large volume increases.

Bitcoin.. rallied up to $1427 on GDAX, breaking through what people thought was going to be a barrier at $1400. It's down to $1413 as of now, but only $40 off of Bitfinex's $1453, even though USDT is till at $0.939 right now. 

/u/Bitcoin_Schmitcoin we never had that retracement down to $67.xx or so. Still thinking it's coming or are we playing a whole new ball game here now after this crazy weekend surge? "
15	dkzqvzi	dkzqz9y	BigBrother	"Josh: ""I think our season's going to get cancelled.""

!BBT -1 C3"	I WISH
16	czj6c28	czj7zjw	MaddenUltimateTeam	A Nicks card but not Tyree?	Tyree  isn't even in the league anymore thus no rights 
17		dgz0ska	MemeEconomy		Spongebob is a blue chip meme with steady success. I cannot in good conscience give them anything but a Strong Buy rating.
18	czj6fzt	czj7uat	Maplestory	"Gotcha, since my secondary is ""end gear"", I wanted to get it as strong as possible. I'm kinda shying away from cubing my utgard bow too much cause I know but Sweetwater and Fafnir are better but I understand I might have to cube my Utgard anyways to even get those end-game weapons. 

Just to clarify, I can only buy one of each Gollux Ring and Earring. (So only 1 cracked, solid, reinforced, and superior ring and earring forever on this character?) Thanks, I do plan on running Mu Lung more often for pot scrolls and just received my pot scroll for Gold Dragon as well!"	you also get it from ninja castle questline 
19		dgyxzns	WWE		wow that movie looks horrible
20	dgyx6fb	dgz29am	AskReddit	Seriously. I wish this were a real thing	Gaiman's new book of Norse tales kind of fits the bill
21	dkzlztp	dkzxhyx	SteamGameSwap	"https://www.reddit.com/r/SteamGameSwap/comments/6qprpj/h_15_games_w_offers/

i have these games that i will give for some RL keys. Let me know if any interest u and we can discuss prices"	Sorry, only interested in the two games.
22	czj8lhv	czja5ye	Guitar	"Thanks

I was leaning towards the mark V but I decided to try the express because it goes down to 5 watts for home use."	"Fair play. That sounds pretty darn decent to me! 

I don't have any neighbours so I'm not too worried about 10w being as low as it'll go. Ha ha! "
23		dgz2651	AskReddit		I try for 50.so taxes won't eat the time and half. 
24	cziy3nw	czj7gkl	AnimalCrossing	[verwijderd]	"Added back
"
25		dkzt8rz	Swimming		"I love swimming, my shins are really really bad so I can't run.

Masters seemed like the way to go."
26	dkzvjli	dkzvmov	TheLastAirbender	"I gotcha
https://imgur.com/gallery/WYFmUi5"	Thanks! Had seen that one. It's just a little to busy for me. I'm trying to print one out for my dorm room to frame. Still dope though!
27	cziay4c	czjez5f	Trove	Why im so emotional about this is because my go to favourite game before this was League of legends. I left due to a huge number of idiot moves from Riot. I would love it if Trion doesnt follow suit	"yes well, regardless of why I don't think responding emotionally is a good choice. 

League of legends still functioning as one (if not the) most popular MOBA's gives me a good outlook if anything, when you compare it to our Trove."
28		dgywhxs	Showerthoughts		Isn't there a theory that they entire story takes place in Harry's head while he's in the cupboard under the stairs?
29		dkzyoxs	BigBrother		Jason - his whole life is about stages and this is the biggest stage he's ever been on
30	dgyy9x5	dgyyg01	AskOuija	S	Y
31	dgz1dd5	dgz1o9q	SquaredCircle	Track 6: Bean Mean N Makin Green (ft. Anderson and Gallows)	Track 7: Hotline Bing (Cherries)
32		dkzucnt	The_Donald		"&gt; Some have pen names. Probably have fake information on their bio. I'm sure most have security. 

uhh, no. most reporters don't make enough money to have security. i don't know why you think they use pen names, either--unless you're thinking of bloggers.  reporters for the NYT or WaPo use their names.  you have a rather odd image in your mind of reporters."
33		dgysmc5	The_Donald		Nope. I remember when it happened at a debate.
34	dgyw6p0	dgyzoau	Eyebleach	https://i.imgur.com/AOe2tCl.mp4 for future reference. 	[removed]
35	czj8w5y	czj8z41	Gundam	Uh, can you explain it to me via PM? XD XD	Done.
36	dgys3md	dgyxnn9	AskReddit	Gordon Ramsay as a contestant. 	Yes! 
37	dgyk1md	dgysgyp	Quebec	"Y me semble que c'est √©vident que si l'automatisation se r√©pend grandement, que les gens auront tout de m√™me besoin de revenus tout comme les entreprises de clients.

Mettre un gun √† la t√™te des gens et les forcers √† accepter des conditions de vie mis√©rable sous la menace de l'automatisation c'est vraiment pas constructif pour personne y me semble."	"L'automatisation est in√©vitable, tout comme l'intelligence artificielle. La question est: comment la transition vers ces choses peut-elle se faire sans trop de bouleversement?

Je ne vois pas 56 solutions: il faut red√©finir notre vision de l'argent et de l'√©conomie et faire une meilleure gestion de la richesse r√©el et tangible que nous avons, c'est-√†-dire l‚Äôenvironnement, les resources, la vitalit√© des peuples et le temps.
"
38	czj26jr	czj46cy	Watches	"Ah, gotcha. No, that's normal. Under certain conditions, tritium lume will puff up. 

Some people attribute the puffiness to moisture having gotten into the case at some point because tritium expands when it gets wet, but with how good of condition yours is in, I kind of doubt that water has ever gotten in there. I'd seriously doubt it's a re-lume. Does it glow at all? For a watch from the mid 60s, you'd either expect no glow at all, or a very faint glow for a short amount of time.

Thanks! You have a seriously great watch. I'd say wear it. Unless your job is seriously dangerous for watches, I'd go for it. It's a tool watch after all. Best way to enjoy it is on the wrist :)

"	It glows pretty well, but for a very short period of time. I've seen inside it and there was definitely no water. Thanks again for the info/advice.
39		czj8dpo	Aquariums		"This is a Finnex 12x12x12 cube that came with a Planted+ light.  I had this tank set up before, and had issues with algae (the light is strong for the tank, and sits very close to the top.)  
  
I wanted to add some snails to the tank, and wanted a lid to keep them from escaping.  I also wanted to slow evaporation (I have very hard water, and hate the calcium lines I get), and keep the bubbles from the sponge filter from popping and splashing on my monitor.  
  
I went through a couple samples and tests and ended up with this.  It was printed with PET+ (basically same stuff plastic water bottles are made up of) which is hydrophobic - so I'm not too concerned about toxins or breakdown.   Pretty happy with the results.  May add something to the back end still, but haven't decided yet."
40	dkzpbwp	dkzq2v0	AskReddit	Ontario. I moved here, and it's sold in bags here. You buy a big bag of three bags and put them in a plastic pitcher thing. 	So I've heard. Having been born and raised on the West coast however, this is an entirely foreign concept to me
41	dkzu87l	dkzuhhr	AskReddit	No? They pay more taxes anyway cause they buy a lot more food	But if they paid even more money they'd have less to spend on food, and therefore consume less. 
42		dgyxnyr	Mario		"Nope, the only GBA games that were officially released on the 3DS were a handful of titles given to Ambassador systems, none of which were Advance 4. You can install a ROM injection with CFW, though!

/r/3dshacks"
43		dkzr6ce	DarkNetMarkets		Do you mean in radio active material? Like nuclear waste or weapons?
44	czjf6t5	czjf9u6	DestinyTheGame	"My wish list for the Crucible:

‚Ä¢ Double the spawn time of special and heavy. 
‚Ä¢ Add just a little more flinch to snipers.
‚Ä¢ Reduce aim assist on all snipers.
‚Ä¢ Bring Thorn's damage in-line with legendary weapons. The DoT should be what makes it exotic, but it shouldn't do so much extra damage. 
‚Ä¢ Bring TLW's damage more in-line with legendary weapons. This thing is way too strong. 4 body shots for a kill, and 2 to the head (hipfire). This thing shoots faster than MIDA and doesn't even require headshots for a fast time to kill. Reduce the extra damage. 
‚Ä¢ Since TLW gets bonus damage while hipfiring, shouldn't First Curse at least get some sort of bonus damage while First Curse perk is active? Why can TLW kill someone with max armor in 2 shots, but First Curse can't? (Assuming TLW doesn't get nerfed.)
‚Ä¢ High impact auto rifles need crit damage increased. Higher impact autos should have the farthest range as well. 
‚Ä¢ Focus Fire perk on high impact autos should make crits at a minimum of 39, and not the current (33).
‚Ä¢ High impact pulse rifles should be restored to their former damage. 
‚Ä¢ Fusion rifles should be effective outside of shotgun range. I'd say about double the range is good. Tightening stability goes hand to hand with effective range. 

I know it's a pretty ridiculous list, but I think I'd actually be able to enjoy the Crucible if these changes were implemented. We *need* variety. I'm just tired of being killed by the same six weapons every game. TLW, Thorn, MIDA, 1000-Yard, Party Crasher, and Harrowed Quillim's Terminus.

Edit: Of course I get downvoted because nobody agrees with a TLW rebalance. I've been on the receiving end of that weapon for a year now and I can say that I wouldn't have mentioned it if it was already perfectly balanced. "	"I think these are all good except the TLW nerf. It's a shell of its former self, and it just straight up dies outside of, like, twenty feet. I never feel like I've been unfairly killed by it any more. If I get melted, I had it coming.

If it gets nerfed again, it becomes unusable, and I don't think that's necessary."
45	cziybuz	czj8wca	AskReddit	Ogres have layers, unguns have layers	Like parfait?  Errbody likes parfait. 
46		dgyzeot	The_Donald		Hes undercover based. Closet based. Hes in a tough area. 
47		czj62vk	CringeAnarchy		Yep. Crazy fucker.
48		dkzut47	Diablo3Necromancers		"I think it's a pathing issue. The Ghosts can walk through walls and over dead space so if they clip onto some of it then I believe the Skeletons will be all, ""I can't go there, Master!"" then jerk themselves off. 

Your Mages should still shit all over them though?"
49		czjay98	BlackPeopleTwitter		Remember when niggas used to rock white ts the size of dresses üòÇ It was a simpler time 
50		dkzok6s	PoliticalVideo		"As a reminder, this subreddit is for civil discussion.

 In general, be courteous to others. Attack ideas, not users. Personal insults, shill or troll accusations, hate speech, and other incivility violations can result in a permanent ban.

 If you see comments in violation of our rules, please report them.


*I am a bot, and this action was performed automatically. Please [contact the moderators of this subreddit](/message/compose/?to=/r/PoliticalVideo) if you have any questions or concerns.*"
51		dkzs96p	AskDocs		how do you feel while wearing the contacts? acanthomeba always a concern but usually causes a ridiculous amount of pain. would recommend going to glasses until you follow up
52		dkzqbpk	TranscribersOfReddit		"If you would like to claim this post, please respond to this comment with the word `claiming` or `claim` in your response. I will automatically update the flair so that only one person is working on a post at any given time.

When you're done, please comment again with `done`. Your flair will be updated to reflect the number of posts you've transcribed and the will be marked as completed.

This is a(n) image post, so please use the following formatting:

---

**Note:** To use these format guides, all you have to do is copy and paste everything after the line break and before the line break preceding ""*END*"", and replace the carets and the values inside them. The two asterisks turn any text between them into boldtext, and the three hyphens in a row when separated by a blank row above and below will become a line break. 

---

[**Art and Images without Text**](https://www.reddit.com/r/TranscribersOfReddit/wiki/format/images/no_text)

[**Images with Text**](https://www.reddit.com/r/TranscribersOfReddit/wiki/format/images/text)

[**4chan &amp; Pictures of Greentext**](https://www.reddit.com/r/TranscribersOfReddit/wiki/format/images/greentext)

[**Reddit Posts &amp; Comments**](https://www.reddit.com/r/TranscribersOfReddit/wiki/format/images/reddit)

[**Facebook Posts and Comments**](https://www.reddit.com/r/TranscribersOfReddit/wiki/format/images/facebook)

[**Twitter Posts and Replies**](https://www.reddit.com/r/TranscribersOfReddit/wiki/format/images/twitter)

[**Comics**](https://www.reddit.com/r/TranscribersOfReddit/wiki/format/images/comics)

---

[You can see some examples here of what we're looking for.](https://www.reddit.com/r/TranscribersOfReddit/wiki/examples/images)

---

Footer
---

When you're done, please put the following footer at the **bottom** of your post:

---

    ^^I'm&amp;#32;a&amp;#32;volunteer&amp;#32;content&amp;#32;transcriber&amp;#32;for&amp;#32;Reddit!&amp;#32;[If&amp;#32;&amp;#32;you'd&amp;#32;like&amp;#32;more&amp;#32;information&amp;#32;on&amp;#32;what&amp;#32;we&amp;#32;do&amp;#32;and&amp;#32;why&amp;#32;we&amp;#32;do&amp;#32;it,&amp;#32;click&amp;#32;here!](https://www.reddit.com/r/TranscribersOfReddit/wiki/index)

---

If you have any questions, feel free to [message the mods!](https://www.reddit.com/message/compose?to=%2Fr%2FTranscribersOfReddit&amp;subject=General%20Question&amp;message=)

---

v2.7.1 | This message was posted by a bot. | [FAQ](https://www.reddit.com/r/TranscribersOfReddit/wiki/index) | [Source](https://github.com/itsthejoker/TranscribersOfReddit) | Questions? [Message the mods!](https://www.reddit.com/message/compose?to=%2Fr%2FTranscribersOfReddit&amp;subject=Bot%20Question&amp;message=)"
53	cziz1jz	czj95ny	KansasCityChiefs	Funny how tired you could tell he was near the end.	He was so fukin tired and I really wanted him to get his td just cause of that
54		dgyu4zi	Pathfinder_RPG		"Thank you for posting to /r/Pathfinder_RPG! Your submission has been removed due to the following reason:


* Not Pathfinder specific (this includes advertisements and discussions of general RPG products)





If you have any questions, feel free to [message the moderators](http://www.reddit.com/message/compose?to=%2Fr%2FPathfinder_RPG)  "
55	dgyiqn8	dgysy81	LittleNightmares	not freezing but the black screen is taking over everything, cant even open task bar nor alt+f4	So do you have to hard restart? Cuz that might be it. Can't do anything. 
56	dkzuwep	dkzxuz6	DotA2	I see that you are a man of culture as well.	The acceptable phrase is person of dairy. 
57		dgywh4c	SquaredCircle		I hope the Miz and Maryse go to that house in Total Divas and flip it.
58	dgyof08	dgyyjsy	DnD	"he just read this and is heading up stairs to grab some sleeves right now! ty 
*edit for spelling"	Any time, I'm here to serve! :)
59		czjagbv	AskReddit		the best part is there's only like 3 black people in all of Washington state so he can say some get freebies but still charge everyone
60		czjg84u	AskReddit		Even though I had been to Vietnam with high school, it was pretty scary/exciting going to Italy alone and spending a month there before university started. Book a ticket and have plans of where you're going to stay before you go! I rented an airbnb place for 5 days when I arrived but had nowhere else planned to stay for 3 weeks afterwards. I sorta wished id planned ahead but it was fun searching whilst knowing I was running out of time. Luckily a guy id met once in Australia who was back in Italy allowed me to spend a week with him and his family. That guy was a legend, taking me in when he hardly knew me and allowing me to stay rent free.
61	dgypwmf	dgyxkbv	Economics	Cool.   Maybe.   Any economist worth their salt should want to see the economic outcome instead of trying to predict a good idea or bad idea.   Economists have a poor record of accurate predictions.  	High wages are just rent seeking by labor. 
62		dgyy6iq	Foofighters		Woah, congrats on finding it! I tried to find it yesterday but didn't manage to
63		dgyuw3a	SquaredCircle		I never understand why they need to do this lol, is it really necessary to see all these commentators to rant in languages we can't understand? 
64		dkznmg4	LSAT		"Hi /u/lawschoolapplicant18,

I decided to take the September LSAT about three weeks ago. I PT'd with a 156 diagnostic, and I am aiming for 170-175 on test day.

I am on a very tight timeline and have been studying 10-12 hours a day. Today I finished the LG Bible; I finished the LR Bible about a week ago.

Again, referencing my tight timeline, what are things I should be doing and focusing on in this next month and a half before test day? I plan on doing each and every Game using 7sage videos, but what are some other things I can do to get myself into the 170-175 range?

I've reached out to other members of the community with similar questions - I am curious about your input.

Cheers"
65		dkzvvd9	AskReddit		dem eyebrows
66		czja9so	RoastMe		I can only imagine the emotional damage that comes with a bedtime. You have my deepest condolences
67		dkzyeh1	AskReddit		Doctors and Nurses fall under a separate category, but I'm not sure what the age limit is.
68		dgyyfjt	SquaredCircle		So Roman is going beat Braun with essentially one hand tied behind his back. 
69		dgywqnt	CatsStandingUp		"Cat.
"
70	czjbpl7	czjcisr	Rabbits	She saw the Apple logo and naturally assumed it tastes like apples.	lol, it was for my Samsung.
71		dgyryp3	Shoplifting		"How are the cameras? If none then wait for it to be busy,  maybe replace the hat with a cheap one so there is time until it is noticed  (I call this the sunglass hut method). Or there are cameras look for a blind spot or face your back to the camera and conceal in a bag from a nearby store. Walk out confidently and don't come back for a little while.

Edit: drunk typos"
72	dgywe48	dgywx98	MarchAgainstTrump	"Funny because it only got reported 4 minutes ago. 

And if you are contradicting your own statements asking if you have short term memory problems is a reasonable question to ask."	They way you phrase it yes, the way he phrased it no.
73		czj8v9l	RoastMe		The beard can't compensate for male pattern baldness
74		czj72dh	Pensacola		Loved it! Really enjoyed the Primus and Tool set list!
75	cziqges	czjcmw8	AskReddit	This is definitely present in Ohio. 	From Ohio. I see nothing wrong with it...
76	dkzre6d	dkzsghi	Warframe	really, really nice. Grinlok by default is more of status weapon but it not completely devoid of crit capability. But because that riven not only has CC,CD but also very high SC it might as well be the perfect number booster fit for it. While I can't claim to be any kind of an expert on Grinlok Riven's in general that is still an incredibly good riven.  My gut says around 700 if not more.	I'll keep that in mind. It's tempting to want to sell it. I also enjoy the Grinlok. Maybe I'll have some more fun with it then decide what to do from there. Thanks for the info. 
77	czijluf	czj4d0u	AskReddit	"My dad pronounces ""aliens""  as ""alliance"".  Which makes for some confusing movie trivia. 

edit: my collegue says:  ""Oh! He should talk to my dad, who says ""pre-date-er"" as in someone who predates instead of predator."""	"This reminded me of my aunt pronouncing alien as ""alienT"" "
78	dgynru0	dgytmv4	Overwatch	*You'll see that my mind is too fast for eyes*	*huh nuh nuh somethin.. nuh LAST SURPRISE*
79		dkzve8b	buckingthebuck		Hehe, thank you for listening honey üòâ
80		dkzo1ge	ClashOfClans		Why is this humorous?
81		dgz1ql6	AskAnAmerican		Not very. Mostly white and hispanic. I think I knew all of two black students who actually went to my school.
82		dgywv2o	AskScienceFiction		"Luther wanted to but the Joker pointed out that Batman would care and come after Lex.

Lex accepted that as true. So I'll go with that"
83		dkzoti4	Diablo3Barbarians		Same here just bad RNG indeed Paragon lvl 590 still cant find skull grasp ring!!!  Spend over 20k+ bllod on ring and 1k+DB fro ring still nothinh yet
84		dgytdld	AskReddit		"I was part of the base hospitals anthrax training drill, and got a white powder envelope in the mail, and immediately had to go to the emergency room, where I was observed by the entire ER staff, on administration of this test. 

Two LONG cotton swabs up the nose into the throat later, I was sent on my way. "
85	dky66da	dkznxqi	PUBATTLEGROUNDS	Well I have my basic parts I want picked out, I'll just have to do more research about the other parts I don't know much about. 	If you want a general idea of good parts, [here's a good PC feat. Ryzen (if you're into streaming/editing)](https://pcpartpicker.com/list/q9ykQV) and if you're only gaming, a [7700K build would be fine too.](https://pcpartpicker.com/list/BX3tD8) Better performance for your dollar. You also have an SSD so if you want to load up games quickly then this would help out a lot.
86		dkzodxj	Monstercat		I still fucking love this style. The old-school purpley future bass Terrorhythm used to push super hard back in 2013-2014. Sick throwback.
87	czj6inw	czjffrh	AskReddit	Power or Touch the Sky by Kanye West 	I'll listen to Good Life or We don't Care for confidence boosting
88		dgytjx7	Random_Acts_Of_Amazon		"She's out there somewhere.  We may or may not have met yet.  I don't know who who she is but some day we will meet.


Also creamsicles."
89		dgywo1s	SquaredCircle		Google says that word can be used too, but English isn't my native language so I can't say I'm 100% sure
90	czipad2	czj90v1	AskReddit	Supplying firearms to nearly every citizen in an unequal society with a deep racial tensions and a dim economic future will turn out well. 	what makes you think America has a dim economic future?
91	dgywy9a	dgyyzdw	Patriots	"I don't know much about O'Shaughnessy, so you may be right.  
McDermott's technique is way too raw. He'll be a Practice Squad/project for Scar."	O'shaughnessy is 6-4 250, better hands than blocking but fan still play some on the line.  More of a Y than Derby, less of a blocker than D Allen
92	czjdzxj	czje156	GlobalOffensiveTrade	[verwijderd]	am i wrong with these? i see these going for atleast 5k more lol
93	dkzsv1s	dkzta67	movingtojapan	">Brave keyboard warrior here everyone!

Nah, project your insecurities elsewhere.

You were too dumb to think of the correct answer yourself in the first place, so you really shouldn't be the one calling someone else a ""waste of DNA"".

Please stay wherever you are now. You'd be useless here."	So what do you do?
94		czjfsdy	StreetFighter		Don't worry, Ken. Fear not, sweet Chun-li. We'll be together again soon. Just the three of us. We're gonna take over the world... just you wait :')
95		dgz10pc	LifeProTips		This is true but not that simply understood. Some people tend to move on faster than others and the ones that don't need to be trained to do so. I wasn't letting go of a while lot. Losing my job, breaking up with my boyfriend and being in a car accident and therapy after made my mind and heart understand the power of letting go. It is really harder for some people 
96		dgywacc	SquaredCircle		I can't wait for the Smart House match.
97	dgyr5oj	dgyxvxo	BobsBurgers	"Tina sure has a *nice* view of Jimmy Jr.'s butt.

( Õ°¬∞ Õú ñ Õ°¬∞)"	Butt there's still a national program behind No Pants Pulled Off Behinds. 
98	czjfmas	czjfssv	AskReddit	"my friend,

please do not fret. 

We are the masters of our destiny. All we have to do it create the cause of success and happiness and wait for the result to come.

* Make a list of all the things you failed at:
* Make a list of all the things you you succeed at:

from the failure list, look for things that you can change most easily and attack those first.

from the list of successes, look for the things you can continue to do.

Then, from here on out, focus only on improvement. Don't focus on situations, focus on what you can do to improve them.

The ones you are not ready to deal with, wait for now. Find smaller issues you can conquer in order to build momentum and confidence."	Thank you my friend, that's actually helpful advice. I appreciate it!
99	dkztrzl	dkzv40l	Madden	Yes, which we all know they are.. We all know the cowboys players are rated absurdly high and you're not disputing it. You're just dodging. You know, I know, and everyone in this sub knows that the game will release and your precious cowboys rookies will have high ratings like in OP's chart. It's fine, just stop acting like we're stupid for noticing 	Awuzie Moreau, Sidney and Lewis for example all have diff overalls than seen there.
100	czjf8pe	czjfbc0	NHLHUT	"Crosby is unreal with the ""C"", can't tell the difference between him and his gold. Kaners speed is right up there with his gold, his shot is a tad bit weaker though and I prefer Stamkos in terms of getting more value for the coin.

Malkin has been the biggest positive surprise. I wasn't expecting him to be as good as the others but he amazes me! He always seems to be in position, his passing ability is stellar, and he has a surprisingly great shot. He's probably the best value for the coin out of all of them since he tends to be the least expensive of the bunch."	nice! I think I will give Malkin a go. Thanks for the advice man!!
101		dgyzrob	AskReddit		"I think a douchbag is a cocky asshole,

While a regular one is just being rude and stupid."
102	czjd11c	czjdkle	AskReddit	Emma Watson, because then we could all have 1	Lol, Just made my day!
103	dkzkhxx	dkzodn1	LosAngeles	burger king started using the 'have it your way' slogan in 1974.	"&gt; burger king started using the 'have it your way' slogan in 1974.

This was my first exact thought as well!"
104		czja0h3	DotA2		I am clinkz..... Thank you for going jungle , thank you for being EZ
105		dgz00bi	GlobalOffensive		[and here is the fix that keeps continuity with the rest of the emblems, as well as being centered](https://imgur.com/a/xMYLQ)
106	dgyvlyj	dgyvo9z	RocketLeagueExchange	9 keys, endo, SB wildcat ears, sweeper zsr for hexed ?	Nty
107	cz6n751	czjbe5w	GifRecipes	Glad to see the pasta was cooked separately from everything else unlike most of the pasta gifs on here. I'd probably use mozzarella instead of cheddar, but otherwise it looks good. 	I'd also go with Italian sausage over whatever that was.
108	dkzv82s	dkzyf8l	DanganBuntai	"*Kagami looks at everyone glaring at him, as the shame of it all starts to sink in*

""C-C'mon guys...don't look at me like that!""

*He reaches into his pocket as to pull something out, but after a second, he just hangs his head down*

""Yeah..I crashed the car..""

*Suddenly, that shame turns into anger and dismay towards everybody else*

""There was a fucking car on the roof! The hell was I *supposed* to do with it? Leave it?""


""B-But, come on! I'm a runner, not a damn chauffeur! Nobody else coulda' stuck that landing!""

*Kagami turns away from the center, trying to get away from everyone's eyes*

""Just..let's end this shit, okay? It's bad enough as it is."""	"""Finally!"" *Paula said, slipping her sketchbook into her green jacket. She clapped her hands together, showing something that vaguely resembled enthusiasum.*

""We're done here, right? Let's finish this shit up and go!"""
109		czja7dc	LearnJapanese		"So I've found this post about the same topic, discussed from a Japanese speaker's point of view:

http://cpplover.blogspot.jp/2012/12/blog-post_18.html

There's a link to this /r/anime thread: https://www.reddit.com/r/anime/comments/14z01e/looking_for_instances_of_an_often_used_quote_that/c7hqldn

Which leads us to this /r/bestof thread: https://www.reddit.com/r/bestof/comments/14zw76/alayavijnana_explains_the_meaning_behind_the_he/

I don't have the time to read all these posts so here's my answer.

ÊÆ∫„Åô is 'to kill' and Ê≠ª„Å¨ is 'to die.'

„ÄåÂΩº„ÅØÊÆ∫„Åó„Å¶„ÇÇÊ≠ª„Å™„Å™„ÅÑ„Äç literally means ""He wouldn't die even if you killed him.""  

You will find translations like ""You couldn't kill him if you tried"" because the English sentence I gave above apparently doesn't sound natural.  Literal translation would still be ""He wouldn't die even if you killed him.""

The Japanese sentence „ÄåÂΩº„ÅØÊÆ∫„Åó„Å¶„ÇÇÊ≠ª„Å™„Å™„ÅÑ„Äç is as self-contradictory as ""He wouldn't die even if you killed him"" but somehow feels natural.  In short, I think it's more about what kind of a sentence feels natural rather than the implications of the words ÊÆ∫„Åô/kill and Ê≠ª„Å¨/die.

I haven't thought this through but this might somehow be related to the ""Japanese doesn't have sarcasm"" trope.   Or I might be completely off the mark.  I must go out now...
"
110	czivs29	czjcauu	AskReddit	That the only certainty in life is death. I still believe we gonna come up something to live forever	Our best estimates give the universe about 100 trillion years left
111		dgyu0hk	CringeAnarchy		No, we WON!  You guys really are idiots.
112	cziiyrt	czjdkhj	Futurology	"Does this come with a child cap? It just seems like some population control would be necessary to make this work. Am I wrong in thinking that would be an issue. 

I say this as someone who has six children."	"[Planned Obsolescence](https://archive.org/details/PlannedObsolescenceDocumentary)

[About 40% of produced food is wasted](https://www.nrdc.org/food/files/wasted-food-ip.pdf)

Imagine something like [this](http://www.heraldsun.com.au/realestate/investing/swedish-city-begins-construction-of-skyscraper-farm/story-fndcursx-1226454823643?nk=6c64b67ebfbb50cf7fbc7af2ba55b232-1454301273) being fully automated."
113		dgyx81x	FashionReps		**....**
114	dkrrpjx	dkzre23	WredditSchool	Hey man. I start there next week as well. What's your name?	I'm starting there next week too
115	dgyv6d0	dgyzsiy	NetflixBestOf	I mean, the rest of it was amazing, too.	"I loved the whole movie. Was just saying the visuals were something that had me in aw. 

I probably should have phased it better."
116	dkzsxhj	dkzupxn	Kings_Raid	I saved and waited for school Annette. Nothing.  Waited for beach Annette. Nothing.  I raged.	I raged too. Even Aisha has 2 costumes and Viska has 1.... Sigh
117	dkzqhvm	dkzqv1j	AskReddit	"I used to be a guard at a correctional facility. It seems those places just invite creepy things.
When I was training as a runner one night, I was going with my FTO to relieve someone for a break. I had left my water sitting on top of the water cooler in that POD. When we entered the POD, I saw my cup slide off of the water cooler, hang in the air for a split second, and splash onto the ground. I turned and saw my FTO who looked unnerved, so I asked him if he saw that? He told me, ""I didn't see shit, Dude."" He refused to talk about it after that.
One time when I was a runner for the building our isolation unit was in, I heard the bars shaking in one of the units. It was after lockdown, so I was a little perturbed by this inmate making noise. So, I pulled my keys, unlocked the cell, and saw the bars shaking, but the inmate cowering in the corner crying. After a couple of seconds, the bars stopped shaking. I hung out with the inmate for a while calming him down. I made up some bs about how we had water pipes that were causing the bars to shake. Unfortunately, that cell was pretty notorious for being ""haunted."" 
Finally, me and several other runners were called out to search the building for someone who was seen entering our visitation lobby around 11:30 pm. I checked the only doors going into the lobby and they were fully secured. We searched for a good 30 minutes, even climbing into the false ceiling, and never found a person matching the description given."	That's crazy stuff! Thanks for sharing. It definitely seems that prisons have their fair share of creepy things. Especially ones where they do the executions. 
118		dkzs7bq	LogresMMO		If you can beat it, the legendary chest in the mountain entrance gives 2 mil poro. Also never listen to anything world chat says for the most part, too many people basically shit posting. 
119		czjb9gh	AskReddit		"Hi there! Your post was removed because it uses the text box. Per [rule 1](/r/AskReddit/wiki/index#wiki_-rule_1-), use of the text box is prohibited. You can resubmit your post [here](/r/askreddit/submit?selftext=true&amp;title=Is it a bad idea to put a Mac Mini over a PS4? Wiil one of them overheat?) without the textbox.


*I am a bot, and this action was performed automatically. Please [contact the moderators of this subreddit](/message/compose/?to=/r/AskReddit) if you have any questions or concerns.*"
120	czj7g4h	czj80cm	PuzzleAndDragons	"keep them

Get a Z8 and then you will have ALL the tpas and haste

as long as you combo well and clear the board, you should have enough water orbs to convert and even if you dont, you still will do massive amounts of damage. just dont expect to heal much with that team"	hmmmm I was working on max skilling my z8 for the heck of it... and I do have an unusually amount of develits(That i wold feed to Dkali... IF I HAD ONE). Okay I'll keep 4 and make a z8 team in the long run! forever dark skyfall here I come, Maybe ill replace one satsuki with Yomidrag for the bind clear/ heart orb maker.
121		dkzuhai	BleachBraveSouls		"Sadly, KLab made tons of money on these step-""ups"", so I really doubt we'll be getting any better rates or better step-ups at all. I keep quitting and coming back to this game over and over because I really like the gameplay (beat-em-up rather than an RPG like other gacha games), but when KLab makes Dokkan/Bandai-Namco look way more generous, you know there's something seriously wrong. "
122	dgy5tm5	dgyy9dn	GreenBayPackers	"IDK how you stop the offense this year. 


Jordy and Adams split out
Bennett and Cobb/Kendricks tight
and Ty in the back field motioning to a 5 receiver set and vice versa.
And that's not even counting any rookies.


Good luck to other teams defenses..."	Every year I say we are capable of putting GSOT type numbers and I can't help but to think the same this year. 
123	czja7si	czjeunt	WorldOfWarships	Dangit - I use my Atlanta in an AA support role	Going by these notes the total base DPS will be increasing from 120 to 171.6.   most of that will be done by the DP guns at a base range of 5km (7.2km with AA Mod 2 and AFT).  After this patch the Atlanta is going to be a tier 7 no-fly zone.
124	dkzswot	dkzt9oy	MMA	Jones can't outwrestle DC, he can keep the fight from going to the ground though. DC has beaten bigger, and better wrestlers than Jones.	I don't know if Jones can beat D.C. in a proper wrestling match. But Jones got the better of most wrestling situations in the octagon. Daniel even admitted it being due to putting his back against the cage too easily and not making JJ work for it in the first match. 
125		dgysts8	Repsneakers		Found these on a Facebook group for $500. Looks legit to me is there anything I'm missing or are they good?
126	dgyr1h1	dgysdhb	MMA	Lol who the fuck scored that for Diaz	He probably scored round 2 10-9 Diaz, round 3 10-8 Diaz and round 5 10-9, which is not too outlandish.
127	czj4h4i	czj4qg2	MarioMaker	Thanks, Mewtwo, I'm glad you enjoyed it! And thanks a lot for the feedback, too: There are one or two other things I'd like to tweak in the level, so maybe I'll change that last column too. I tried a few other configurations of the fireballs there, but it was hard to find something with a difficulty I was happy with. (If you haven't played it, you might like the prequel, *Wall Jump Gauntlet*, which uses the same basic elements but a mostly different mix of obstacles.)	I will check it out! Just got a couple of other levels to hit up first. If you got time could you check out my SMB3 Castle level posted above? I am struggling with it. Thanks!
128	dgy2ngb	dgyzdly	WTFgaragesale	This is from the Story People series by Brian Andreas. They're actually quite wonderful, and you can get them with just the text too. I have [this one](https://shop.storypeople.com/products/real-reason-cont-prints?variant=1105577128) and it's one of my favorites of the series. :)	That is beautiful.
129	dkzmm8a	dkzoduw	RocketLeague	I'm not a prick and if I knew it's been posted many times I wouldn't have. if was just an idea you guys are Savage! and if you read ANY of my other comments on this post youd know that I never said it was 100% by choice. Hence the **point** of gradual ban time increase. idk how many times I have to explain myself. seems like the only ones being stuck up are the ones that have crashing problems. you guys should spend more time coming up with a fix and mess time arguing this great ban idea 	"I only said you seem like a prick because you're asking ""what is wrong with you people,"" as if we are at fault for not wanting people to be unfairly banned. 

This just isn't a good idea. You have to attack the problem at it's core. Rage quitters are not the issue you are trying to address here. It is salty/toxic players. 

For example, you miss a save. Your teammate ""what a saves"" you and votes to forfeit. You don't vote and so he just leaves. That player is clearly willing to give up 15 minutes. If we include some time of increasing time length ban and that person then isn't willing to give up 2 hours (or whatever) of time, in all likelihood they're just gonna stay and be toxic. Play against you. Drive around aimlessly. Talk trash in chat etc. Is that any better than if they had just rage quit? You have to understand that if someone who doesn't want to play is forced to play, in most cases they aren't really gonna try to play productively and win. Additionally, we can't forget about what will happen to all the people who have an unfortunate week of power outages, wifi drops game crashes etc, and are suddenly hit with an hour long ban even though they never rage quit once.

There's nothing wrong with pitching a new idea. But you shouldn't be so agressive against others when they suggest to you reasons why your idea wouldn't work."
130		dgz014d	AskReddit		The Jedi aren't evil (from a certain point of view)
131		dkzp24s	Symbaroum		Does the shield bash needs to deal damage for the target to be knocked down, or is the hit and then the success on the strong-strong test enough?
132	dkzl3aj	dkzohal	AskReddit	Why left not right?	Because if you lose the left you will be all right. 
133		czjel34	AskReddit		It makes shitty comments look like they're good.
134		dkzvb7a	Winnipeg		"Honest question: What is the actual benefit of an alarm system? Any savings on insurance are roughly the same as it costs to have a monitored alarm. The robbery doesn't get prevented. Response times won't be quick. 

You may as well just get a couple cameras for yourself and set up email notifications for movement or something along those lines. 
"
135	dgys4vl	dgysae6	RocketLeagueExchange	3 turb9s for the c4s	I'd do 6 
136		dkzqz9w	The_Donald		How does that make him a racist? Vermont is LITERALLY the whitest state.
137	cyqs3sx	czjgapw	YanetGarcia	Shame it's out of focus though. 	more likely it got screwed up somehow from original image to here.
138	czjg8a2	czjgeou	AskReddit	I'm getting my finance degree right now and I want to be a financial planner/advisor as well. Do you have any insight that you're willing to share? I'm trying to gain as much knowledge as I can while I'm still in school so that I feel qualified to do my job and do it well.	"I guess my insight would be remember the process you went through when learning how money works.

Once you get it it seems so easy, but you probably once made the same mistakes everyone else does.

Gently walk them through that process that led to you understanding personal finance.


So many planners patronise and use jargon that leaves a divide between the planner and the client. 

Do the opposite of this."
139		dgytngh	StarWarsEU		"Defintely Timothy Zhans Thrawn Trilogy.

Traitor by Mathew Stover might be up your alley. But it really requires you to have knowledge of a whole lot of the New Jedi Order. It's my favorite individual Star Wars book, but a lot of backstory into both the character of Jacen Solo and the Yuuzhan Vong are needed.

"
140	czjfof8	czjfs65	AskReddit	"""When you get to college, get a girlfriend and stick to her, because after college it's all leftovers""

I don't think it's terrible advice to get into a committed relationship in college, just the reasoning was very pessimistic."	"Pessimistic yes, but accurate.
"
141		dkzo55h	Guildwars2		The main one, on YouTube or Twitch.
142		dkzt1vd	AskMenAdvice		"I have been with my girlfriend for 4 years now and I'd say I had the same wall up for atleast the first year. I realized what I wanted and what I had and at that point I actively made the decision to take it down its his decision but I think you also have to ask your self   ""do I love hime enough to wait"" because he may actually love you more than he even realizes and maybe if you look at the details you can see it and that's enough if your really care for each other. I feel that relationships are about accepting each other as you are but being willing to change for the others sake "
143	dkzgncy	dkzqc2g	GetMotivated	"They are saying we are arrogant to assist are here for a reason or higher purpose rather than as say just an improbable random set or molecules..

At least I think so or at least that is the gist of it. "	They looked way too into it haha. I meant, you're on this Subreddit for a reason. Guess I should specify next time 
144	dgyz9by	dgyzfj7	AskReddit	Wow... That's too much, I'm going to have to give my daughter flowers for her 13th.	"Please do! It's such a lovely gesture and she will never forget her first flower bouquet! 
"
145		dgyz34a	Maplestory		I learn alchemy and fuse Zakum helmets together to get more charm.
146		dkzsee0	DBZDokkanBattle		This post was marked as a question and has been removed to reduce clutter. If your question was not answered please repost in the Weekly Questions Megathread or Weekly Team Building Megathread linked at the top of the subreddit
147		dgyw0uz	SquaredCircle		EVIL BABY SANDALS
148		czj9116	PetiteGoneWild		You've got Skulley's mouth..
149	czjc9te	czjcko4	LifeProTips	Yeah, those bristles will scratch the bejesus out your clearcoat.	But most ice scrapers with brushes have bristles made of the same stuff.
